"description","units","source key","2008","2009","2010","2011","2012","2013","2014","2015","2016","2017","2018","2019"
"Number of customer accounts","number of customers",,,,,,,,,,,,,
"United States","number of customers","ELEC.CUSTOMERS.US-ALL.A",,,,,,,,,,,,
"United States : all sectors","number of customers","ELEC.CUSTOMERS.US-ALL.A",143395691,143529126,144139862,144508982,145293583,146288214,147373362,148632855,150055191,151779385,153338872,154898041
"United States : residential","number of customers","ELEC.CUSTOMERS.US-RES.A",125037870,125208777,125717767,126143072,126832252,127776941,128680294,129811667,131068719,132579661,133893220,135249595
"United States : commercial","number of customers","ELEC.CUSTOMERS.US-COM.A",17582277,17562150,17674167,17637928,17728903,17679466,17853836,17985582,18148290,18359330,18605300,18694187
"United States : industrial","number of customers","ELEC.CUSTOMERS.US-IND.A",774817,757497,747691,727889,732344,831734,839154,835527,838099,840310,840270,954176
"United States : transportation","number of customers","ELEC.CUSTOMERS.US-TRA.A",726,703,238,92,83,74,79,78,83,85,83,83
"United States : other","number of customers","ELEC.CUSTOMERS.US-OTH.A","--","--","--","--","--","--","--","--","--","--","--","--"
"New England","number of customers","ELEC.CUSTOMERS.NEW-ALL.A",,,,,,,,,,,,
"New England : all sectors","number of customers","ELEC.CUSTOMERS.NEW-ALL.A",6984973,6976278,7025371,7065530,7080663,7098390,7133303,7224690,7191274,7246926,7284468,7324852
"New England : residential","number of customers","ELEC.CUSTOMERS.NEW-RES.A",6125483,6136234,6162015,6189705,6203722,6221627,6243010,6322828,6290386,6338672,6377606,6411588
"New England : commercial","number of customers","ELEC.CUSTOMERS.NEW-COM.A",831567,810696,833705,841551,842772,847127,862269,874945,874471,885220,883828,889950
"New England : industrial","number of customers","ELEC.CUSTOMERS.NEW-IND.A",27916,29345,29646,34267,34164,29631,28016,26910,26411,23028,23027,23308
"New England : transportation","number of customers","ELEC.CUSTOMERS.NEW-TRA.A",6,3,5,7,5,5,8,7,7,6,7,6
"New England : other","number of customers","ELEC.CUSTOMERS.NEW-OTH.A","--","--","--","--","--","--","--","--","--","--","--","--"
"Connecticut","number of customers","ELEC.CUSTOMERS.CT-ALL.A",,,,,,,,,,,,
"Connecticut : all sectors","number of customers","ELEC.CUSTOMERS.CT-ALL.A",1612646,1600305,1610628,1608709,1609734,1609953,1619264,1625899,1643333,1652869,1661837,1667152
"Connecticut : residential","number of customers","ELEC.CUSTOMERS.CT-RES.A",1452080,1447249,1451806,1453863,1454650,1454963,1459240,1468957,1486740,1495577,1503701,1510966
"Connecticut : commercial","number of customers","ELEC.CUSTOMERS.CT-COM.A",155329,148174,153846,150086,150435,150419,155372,152482,152181,152903,153825,151980
"Connecticut : industrial","number of customers","ELEC.CUSTOMERS.CT-IND.A",5232,4881,4975,4756,4648,4569,4648,4458,4408,4386,4308,4203
"Connecticut : transportation","number of customers","ELEC.CUSTOMERS.CT-TRA.A",5,2,2,4,2,2,4,3,4,3,4,3
"Connecticut : other","number of customers","ELEC.CUSTOMERS.CT-OTH.A","--","--","--","--","--","--","--","--","--","--","--","--"
"Maine","number of customers","ELEC.CUSTOMERS.ME-ALL.A",,,,,,,,,,,,
"Maine : all sectors","number of customers","ELEC.CUSTOMERS.ME-ALL.A",785955,787602,790711,792948,795596,797073,801516,799291,800299,810223,808978,813498
"Maine : residential","number of customers","ELEC.CUSTOMERS.ME-RES.A",695367,696822,699624,701335,703769,704774,706952,699241,699321,707792,709849,710869
"Maine : commercial","number of customers","ELEC.CUSTOMERS.ME-COM.A",87761,87922,88266,88790,89047,89337,91541,97057,97948,99332,96065,99737
"Maine : industrial","number of customers","ELEC.CUSTOMERS.ME-IND.A",2826,2858,2821,2822,2780,2962,3023,2993,3030,3100,3064,2893
"Maine : transportation","number of customers","ELEC.CUSTOMERS.ME-TRA.A",0,0,0,0,0,0,0,0,0,0,0,0
"Maine : other","number of customers","ELEC.CUSTOMERS.ME-OTH.A","--","--","--","--","--","--","--","--","--","--","--","--"
"Massachusetts","number of customers","ELEC.CUSTOMERS.MA-ALL.A",,,,,,,,,,,,
"Massachusetts : all sectors","number of customers","ELEC.CUSTOMERS.MA-ALL.A",3041585,3053663,3070581,3104435,3109558,3117212,3133741,3216080,3157471,3186226,3203718,3224116
"Massachusetts : residential","number of customers","ELEC.CUSTOMERS.MA-RES.A",2647531,2661984,2674717,2693553,2699140,2708757,2720127,2794918,2740862,2766155,2784243,2802098
"Massachusetts : commercial","number of customers","ELEC.CUSTOMERS.MA-COM.A",379988,375506,379702,389861,389272,391860,398717,407060,402934,409715,408971,410996
"Massachusetts : industrial","number of customers","ELEC.CUSTOMERS.MA-IND.A",14065,16172,16160,21020,21144,16593,14894,14099,13673,10354,10503,11020
"Massachusetts : transportation","number of customers","ELEC.CUSTOMERS.MA-TRA.A",1,1,2,2,2,2,3,3,2,2,2,2
"Massachusetts : other","number of customers","ELEC.CUSTOMERS.MA-OTH.A","--","--","--","--","--","--","--","--","--","--","--","--"
"New Hampshire","number of customers","ELEC.CUSTOMERS.NH-ALL.A",,,,,,,,,,,,
"New Hampshire : all sectors","number of customers","ELEC.CUSTOMERS.NH-ALL.A",700551,686985,705516,707631,710119,712458,716065,716573,722865,729009,733650,738697
"New Hampshire : residential","number of customers","ELEC.CUSTOMERS.NH-RES.A",594179,591159,597409,599531,601696,603627,606882,607463,612717,618355,622670,627258
"New Hampshire : commercial","number of customers","ELEC.CUSTOMERS.NH-COM.A",102942,92630,104611,104610,104977,105459,105840,105832,106899,107435,107804,108246
"New Hampshire : industrial","number of customers","ELEC.CUSTOMERS.NH-IND.A",3430,3196,3496,3490,3445,3371,3343,3277,3249,3219,3175,3193
"New Hampshire : transportation","number of customers","ELEC.CUSTOMERS.NH-TRA.A",0,0,0,0,0,0,0,0,0,0,0,0
"New Hampshire : other","number of customers","ELEC.CUSTOMERS.NH-OTH.A","--","--","--","--","--","--","--","--","--","--","--","--"
"Rhode Island","number of customers","ELEC.CUSTOMERS.RI-ALL.A",,,,,,,,,,,,
"Rhode Island : all sectors","number of customers","ELEC.CUSTOMERS.RI-ALL.A",488106,490501,489263,491798,495200,498431,499109,500947,499236,498355,503907,506646
"Rhode Island : residential","number of customers","ELEC.CUSTOMERS.RI-RES.A",430152,432102,430623,432430,435448,438199,438878,440190,438506,437124,442006,444216
"Rhode Island : commercial","number of customers","ELEC.CUSTOMERS.RI-COM.A",55906,56385,56664,57408,57824,58318,58346,58903,58907,59447,60127,60671
"Rhode Island : industrial","number of customers","ELEC.CUSTOMERS.RI-IND.A",2048,2014,1975,1958,1927,1913,1884,1852,1821,1783,1773,1758
"Rhode Island : transportation","number of customers","ELEC.CUSTOMERS.RI-TRA.A",0,0,1,1,1,1,1,1,1,1,1,1
"Rhode Island : other","number of customers","ELEC.CUSTOMERS.RI-OTH.A","--","--","--","--","--","--","--","--","--","--","--","--"
"Vermont","number of customers","ELEC.CUSTOMERS.VT-ALL.A",,,,,,,,,,,,
"Vermont : all sectors","number of customers","ELEC.CUSTOMERS.VT-ALL.A",356130,357222,358672,360008,360456,363264,363608,365900,368070,370244,372378,374743
"Vermont : residential","number of customers","ELEC.CUSTOMERS.VT-RES.A",306174,306918,307837,308993,309019,311306,310932,312059,312239,313669,315137,316182
"Vermont : commercial","number of customers","ELEC.CUSTOMERS.VT-COM.A",49642,50079,50616,50795,51217,51734,52453,53610,55602,56388,57036,58320
"Vermont : industrial","number of customers","ELEC.CUSTOMERS.VT-IND.A",314,225,220,221,221,224,224,231,230,187,205,242
"Vermont : transportation","number of customers","ELEC.CUSTOMERS.VT-TRA.A",0,0,0,0,0,0,0,0,0,0,0,0
"Vermont : other","number of customers","ELEC.CUSTOMERS.VT-OTH.A","--","--","--","--","--","--","--","--","--","--","--","--"
"Middle Atlantic","number of customers","ELEC.CUSTOMERS.MAT-ALL.A",,,,,,,,,,,,
"Middle Atlantic : all sectors","number of customers","ELEC.CUSTOMERS.MAT-ALL.A",17766119,17822245,17898386,17943200,17989227,18018629,18098771,18174942,18291114,18384440,18524901,18646185
"Middle Atlantic : residential","number of customers","ELEC.CUSTOMERS.MAT-RES.A",15538588,15582577,15654019,15694787,15727421,15761820,15806913,15872478,15964598,16037190,16149373,16251105
"Middle Atlantic : commercial","number of customers","ELEC.CUSTOMERS.MAT-COM.A",2177780,2190396,2195704,2202403,2215950,2211865,2247443,2258897,2283550,2305736,2345010,2361888
"Middle Atlantic : industrial","number of customers","ELEC.CUSTOMERS.MAT-IND.A",49706,49226,48618,45980,45830,44929,44398,43548,42947,41494,30498,33173
"Middle Atlantic : transportation","number of customers","ELEC.CUSTOMERS.MAT-TRA.A",44,45,45,30,26,15,17,19,20,20,20,21
"Middle Atlantic : other","number of customers","ELEC.CUSTOMERS.MAT-OTH.A","--","--","--","--","--","--","--","--","--","--","--","--"
"New Jersey","number of customers","ELEC.CUSTOMERS.NJ-ALL.A",,,,,,,,,,,,
"New Jersey : all sectors","number of customers","ELEC.CUSTOMERS.NJ-ALL.A",3892543,3920452,3946489,3951707,3957979,3955586,3994526,4014197,4036653,4065270,4101354,4132416
"New Jersey : residential","number of customers","ELEC.CUSTOMERS.NJ-RES.A",3409805,3430837,3454840,3457325,3455303,3461107,3470875,3489108,3510140,3536088,3568043,3596835
"New Jersey : commercial","number of customers","ELEC.CUSTOMERS.NJ-COM.A",469340,476355,478684,481662,489942,482105,511332,512893,514578,517403,521429,523795
"New Jersey : industrial","number of customers","ELEC.CUSTOMERS.NJ-IND.A",13392,13254,12960,12714,12728,12369,12313,12190,11928,11774,11876,11780
"New Jersey : transportation","number of customers","ELEC.CUSTOMERS.NJ-TRA.A",6,7,6,6,6,5,6,6,6,6,6,6
"New Jersey : other","number of customers","ELEC.CUSTOMERS.NJ-OTH.A","--","--","--","--","--","--","--","--","--","--","--","--"
"New York","number of customers","ELEC.CUSTOMERS.NY-ALL.A",,,,,,,,,,,,
"New York : all sectors","number of customers","ELEC.CUSTOMERS.NY-ALL.A",7937992,7959830,8001548,8031846,8057143,8076228,8100264,8141860,8199449,8241303,8304437,8364117
"New York : residential","number of customers","ELEC.CUSTOMERS.NY-RES.A",6897087,6916412,6954906,6987631,7010736,7027862,7046830,7079095,7118903,7144413,7190903,7235400
"New York : commercial","number of customers","ELEC.CUSTOMERS.NY-COM.A",1032104,1034830,1038254,1035988,1038262,1040401,1045565,1055128,1072893,1089887,1106644,1121102
"New York : industrial","number of customers","ELEC.CUSTOMERS.NY-IND.A",8778,8563,8364,8219,8140,7959,7863,7631,7646,6995,6882,7607
"New York : transportation","number of customers","ELEC.CUSTOMERS.NY-TRA.A",24,25,23,9,6,6,6,7,8,8,8,8
"New York : other","number of customers","ELEC.CUSTOMERS.NY-OTH.A","--","--","--","--","--","--","--","--","--","--","--","--"
"Pennsylvania","number of customers","ELEC.CUSTOMERS.PA-ALL.A",,,,,,,,,,,,
"Pennsylvania : all sectors","number of customers","ELEC.CUSTOMERS.PA-ALL.A",5935584,5941962,5950349,5959646,5974105,5986815,6003980,6018884,6055012,6077867,6119109,6149653
"Pennsylvania : residential","number of customers","ELEC.CUSTOMERS.PA-RES.A",5231696,5235328,5244274,5249831,5261382,5272852,5289207,5304275,5335555,5356690,5390427,5418870
"Pennsylvania : commercial","number of customers","ELEC.CUSTOMERS.PA-COM.A",676337,679211,678767,684754,687747,689359,690546,690876,696078,698446,716936,716991
"Pennsylvania : industrial","number of customers","ELEC.CUSTOMERS.PA-IND.A",27537,27409,27293,25047,24962,24601,24222,23728,23373,22725,11740,13786
"Pennsylvania : transportation","number of customers","ELEC.CUSTOMERS.PA-TRA.A",14,14,16,15,14,4,5,6,6,6,6,6
"Pennsylvania : other","number of customers","ELEC.CUSTOMERS.PA-OTH.A","--","--","--","--","--","--","--","--","--","--","--","--"
"East North Central","number of customers","ELEC.CUSTOMERS.ENC-ALL.A",,,,,,,,,,,,
"East North Central : all sectors","number of customers","ELEC.CUSTOMERS.ENC-ALL.A",22049145,21982994,21984774,22024890,22055957,22133830,22215108,22310210,22462260,22600191,22736432,22858298
"East North Central : residential","number of customers","ELEC.CUSTOMERS.ENC-RES.A",19593684,19531944,19529895,19559833,19583328,19652121,19716396,19800506,19937968,20060548,20183541,20287078
"East North Central : commercial","number of customers","ELEC.CUSTOMERS.ENC-COM.A",2392685,2388229,2392070,2404117,2410813,2419550,2436540,2454766,2469319,2485506,2498933,2515631
"East North Central : industrial","number of customers","ELEC.CUSTOMERS.ENC-IND.A",62768,62813,62801,60932,61808,62152,62164,54930,54964,54129,53949,55580
"East North Central : transportation","number of customers","ELEC.CUSTOMERS.ENC-TRA.A",8,8,8,8,7,8,8,8,8,9,9,10
"East North Central : other","number of customers","ELEC.CUSTOMERS.ENC-OTH.A","--","--","--","--","--","--","--","--","--","--","--","--"
"Illinois","number of customers","ELEC.CUSTOMERS.IL-ALL.A",,,,,,,,,,,,
"Illinois : all sectors","number of customers","ELEC.CUSTOMERS.IL-ALL.A",5691210,5656555,5654798,5682632,5694826,5723779,5751365,5781840,5844548,5881696,5911487,5943065
"Illinois : residential","number of customers","ELEC.CUSTOMERS.IL-RES.A",5098579,5074861,5070047,5089454,5098645,5120603,5145020,5172653,5231540,5264333,5289571,5314523
"Illinois : commercial","number of customers","ELEC.CUSTOMERS.IL-COM.A",586612,575798,578757,587333,590136,596676,600243,603186,606951,611666,616195,622802
"Illinois : industrial","number of customers","ELEC.CUSTOMERS.IL-IND.A",6015,5891,5990,5842,6042,6496,6099,5998,6054,5694,5718,5737
"Illinois : transportation","number of customers","ELEC.CUSTOMERS.IL-TRA.A",4,4,4,3,3,4,3,3,3,3,3,3
"Illinois : other","number of customers","ELEC.CUSTOMERS.IL-OTH.A","--","--","--","--","--","--","--","--","--","--","--","--"
"Indiana","number of customers","ELEC.CUSTOMERS.IN-ALL.A",,,,,,,,,,,,
"Indiana : all sectors","number of customers","ELEC.CUSTOMERS.IN-ALL.A",3092378,3093305,3103294,3106400,3118565,3136350,3151458,3173539,3190274,3204014,3235835,3264625
"Indiana : residential","number of customers","ELEC.CUSTOMERS.IN-RES.A",2733127,2733610,2742783,2744889,2755594,2771254,2784660,2804861,2821547,2834090,2863350,2887031
"Indiana : commercial","number of customers","ELEC.CUSTOMERS.IN-COM.A",341153,341431,341715,343620,344448,346936,348689,350465,350642,352010,354722,358791
"Indiana : industrial","number of customers","ELEC.CUSTOMERS.IN-IND.A",18097,18263,18795,17890,18522,18159,18108,18212,18084,17914,17762,18803
"Indiana : transportation","number of customers","ELEC.CUSTOMERS.IN-TRA.A",1,1,1,1,1,1,1,1,1,1,1,1
"Indiana : other","number of customers","ELEC.CUSTOMERS.IN-OTH.A","--","--","--","--","--","--","--","--","--","--","--","--"
"Michigan","number of customers","ELEC.CUSTOMERS.MI-ALL.A",,,,,,,,,,,,
"Michigan : all sectors","number of customers","ELEC.CUSTOMERS.MI-ALL.A",4821866,4787397,4778214,4783411,4784780,4798997,4808838,4821755,4855870,4893475,4914755,4934715
"Michigan : residential","number of customers","ELEC.CUSTOMERS.MI-RES.A",4290313,4253785,4245155,4249132,4250621,4265257,4273127,4282857,4311007,4344318,4365526,4384303
"Michigan : commercial","number of customers","ELEC.CUSTOMERS.MI-COM.A",518776,520548,520231,521317,521086,520323,522422,532857,538671,542961,543258,544686
"Michigan : industrial","number of customers","ELEC.CUSTOMERS.MI-IND.A",12776,13063,12827,12962,13071,13416,13287,6040,6191,6194,5969,5724
"Michigan : transportation","number of customers","ELEC.CUSTOMERS.MI-TRA.A",1,1,1,1,1,1,2,1,1,2,2,2
"Michigan : other","number of customers","ELEC.CUSTOMERS.MI-OTH.A","--","--","--","--","--","--","--","--","--","--","--","--"
"Ohio","number of customers","ELEC.CUSTOMERS.OH-ALL.A",,,,,,,,,,,,
"Ohio : all sectors","number of customers","ELEC.CUSTOMERS.OH-ALL.A",5525581,5515214,5510870,5505433,5502155,5508668,5520661,5532873,5554422,5582297,5613770,5633525
"Ohio : residential","number of customers","ELEC.CUSTOMERS.OH-RES.A",4891891,4880392,4877214,4874489,4869300,4875342,4882160,4892912,4911597,4936469,4964849,4980934
"Ohio : commercial","number of customers","ELEC.CUSTOMERS.OH-COM.A",612491,613732,612961,611231,613253,613966,619288,620806,623727,627163,630204,632793
"Ohio : industrial","number of customers","ELEC.CUSTOMERS.OH-IND.A",21197,21088,20692,19711,19600,19358,19210,19152,19096,18663,18716,19796
"Ohio : transportation","number of customers","ELEC.CUSTOMERS.OH-TRA.A",2,2,3,3,2,2,2,2,2,2,2,2
"Ohio : other","number of customers","ELEC.CUSTOMERS.OH-OTH.A","--","--","--","--","--","--","--","--","--","--","--","--"
"Wisconsin","number of customers","ELEC.CUSTOMERS.WI-ALL.A",,,,,,,,,,,,
"Wisconsin : all sectors","number of customers","ELEC.CUSTOMERS.WI-ALL.A",2918111,2930523,2937598,2947014,2955631,2966037,2982787,3000203,3017146,3038709,3060585,3082368
"Wisconsin : residential","number of customers","ELEC.CUSTOMERS.WI-RES.A",2579774,2589295,2594695,2601870,2609167,2619665,2631429,2647223,2662278,2681338,2700245,2720288
"Wisconsin : commercial","number of customers","ELEC.CUSTOMERS.WI-COM.A",333653,336720,338406,340617,341891,341648,345898,347451,349329,351706,354556,356558
"Wisconsin : industrial","number of customers","ELEC.CUSTOMERS.WI-IND.A",4683,4508,4497,4527,4573,4724,5461,5528,5538,5664,5783,5520
"Wisconsin : transportation","number of customers","ELEC.CUSTOMERS.WI-TRA.A",0,0,0,0,0,0,0,1,1,1,1,2
"Wisconsin : other","number of customers","ELEC.CUSTOMERS.WI-OTH.A","--","--","--","--","--","--","--","--","--","--","--","--"
"West North Central","number of customers","ELEC.CUSTOMERS.WNC-ALL.A",,,,,,,,,,,,
"West North Central : all sectors","number of customers","ELEC.CUSTOMERS.WNC-ALL.A",10480129,10450580,10498980,10532639,10585889,10651172,10729989,10817253,10901712,10993396,11076410,11162702
"West North Central : residential","number of customers","ELEC.CUSTOMERS.WNC-RES.A",9025947,9001622,9035071,9057975,9096149,9143820,9210195,9283465,9345829,9427722,9497194,9570273
"West North Central : commercial","number of customers","ELEC.CUSTOMERS.WNC-COM.A",1363936,1354137,1364039,1365960,1375910,1384323,1395610,1409496,1431149,1441772,1455127,1465459
"West North Central : industrial","number of customers","ELEC.CUSTOMERS.WNC-IND.A",90244,94819,99867,108702,113827,123027,124182,124290,124731,123900,124086,126967
"West North Central : transportation","number of customers","ELEC.CUSTOMERS.WNC-TRA.A",2,2,2,2,2,2,2,2,3,3,3,3
"West North Central : other","number of customers","ELEC.CUSTOMERS.WNC-OTH.A","--","--","--","--","--","--","--","--","--","--","--","--"
"Iowa","number of customers","ELEC.CUSTOMERS.IA-ALL.A",,,,,,,,,,,,
"Iowa : all sectors","number of customers","ELEC.CUSTOMERS.IA-ALL.A",1543422,1546777,1552150,1556498,1562980,1572245,1580197,1591781,1602446,1621279,1633335,1643274
"Iowa : residential","number of customers","ELEC.CUSTOMERS.IA-RES.A",1325992,1324180,1327892,1329901,1334585,1341788,1348629,1356598,1358898,1375594,1385752,1392978
"Iowa : commercial","number of customers","ELEC.CUSTOMERS.IA-COM.A",211242,215987,217702,219222,221141,222048,224173,227540,235822,237940,239697,241733
"Iowa : industrial","number of customers","ELEC.CUSTOMERS.IA-IND.A",6189,6610,6556,7376,7254,8409,7395,7643,7726,7745,7886,8563
"Iowa : transportation","number of customers","ELEC.CUSTOMERS.IA-TRA.A",0,0,0,0,0,0,0,0,0,0,0,0
"Iowa : other","number of customers","ELEC.CUSTOMERS.IA-OTH.A","--","--","--","--","--","--","--","--","--","--","--","--"
"Kansas","number of customers","ELEC.CUSTOMERS.KS-ALL.A",,,,,,,,,,,,
"Kansas : all sectors","number of customers","ELEC.CUSTOMERS.KS-ALL.A",1511936,1451190,1456408,1461236,1466080,1473880,1481668,1484386,1509490,1515617,1524319,1534421
"Kansas : residential","number of customers","ELEC.CUSTOMERS.KS-RES.A",1255860,1209520,1213026,1215409,1217252,1222978,1228849,1231825,1252839,1259222,1266041,1274955
"Kansas : commercial","number of customers","ELEC.CUSTOMERS.KS-COM.A",236453,218800,220083,221843,223813,224512,226035,228403,232921,232070,234094,235235
"Kansas : industrial","number of customers","ELEC.CUSTOMERS.KS-IND.A",19624,22871,23300,23984,25016,26390,26784,24158,23730,24325,24184,24231
"Kansas : transportation","number of customers","ELEC.CUSTOMERS.KS-TRA.A",0,0,0,0,0,0,0,0,0,0,0,0
"Kansas : other","number of customers","ELEC.CUSTOMERS.KS-OTH.A","--","--","--","--","--","--","--","--","--","--","--","--"
"Minnesota","number of customers","ELEC.CUSTOMERS.MN-ALL.A",,,,,,,,,,,,
"Minnesota : all sectors","number of customers","ELEC.CUSTOMERS.MN-ALL.A",2559662,2573729,2586901,2595677,2606801,2622275,2640719,2673527,2679249,2705008,2725234,2755096
"Minnesota : residential","number of customers","ELEC.CUSTOMERS.MN-RES.A",2280073,2290878,2300289,2308728,2317334,2329719,2345847,2374674,2378679,2403167,2420321,2446108
"Minnesota : commercial","number of customers","ELEC.CUSTOMERS.MN-COM.A",270490,273423,276462,276278,278459,281175,284976,289040,291567,292860,295849,299993
"Minnesota : industrial","number of customers","ELEC.CUSTOMERS.MN-IND.A",9098,9427,10149,10670,11007,11380,9895,9811,9003,8981,9063,8995
"Minnesota : transportation","number of customers","ELEC.CUSTOMERS.MN-TRA.A",1,1,1,1,1,1,1,1,1,1,1,1
"Minnesota : other","number of customers","ELEC.CUSTOMERS.MN-OTH.A","--","--","--","--","--","--","--","--","--","--","--","--"
"Missouri","number of customers","ELEC.CUSTOMERS.MO-ALL.A",,,,,,,,,,,,
"Missouri : all sectors","number of customers","ELEC.CUSTOMERS.MO-ALL.A",3067397,3065209,3075628,3072939,3081197,3090924,3106308,3118382,3138339,3160942,3185026,3206746
"Missouri : residential","number of customers","ELEC.CUSTOMERS.MO-RES.A",2686745,2687755,2695792,2693269,2699282,2708932,2724540,2734548,2751460,2771120,2792451,2811863
"Missouri : commercial","number of customers","ELEC.CUSTOMERS.MO-COM.A",371221,368471,370936,370912,373015,371718,371487,373616,376710,381632,384490,384786
"Missouri : industrial","number of customers","ELEC.CUSTOMERS.MO-IND.A",9430,8982,8899,8757,8900,10274,10280,10217,10169,8189,8084,10095
"Missouri : transportation","number of customers","ELEC.CUSTOMERS.MO-TRA.A",1,1,1,1,1,1,1,1,2,2,2,2
"Missouri : other","number of customers","ELEC.CUSTOMERS.MO-OTH.A","--","--","--","--","--","--","--","--","--","--","--","--"
"Nebraska","number of customers","ELEC.CUSTOMERS.NE-ALL.A",,,,,,,,,,,,
"Nebraska : all sectors","number of customers","ELEC.CUSTOMERS.NE-ALL.A",988791,995067,1000148,1005964,1008128,1015838,1026215,1036313,1045460,1055501,1065599,1071627
"Nebraska : residential","number of customers","ELEC.CUSTOMERS.NE-RES.A",795001,799620,801099,805670,806519,810844,817416,825942,834032,841959,849891,855617
"Nebraska : commercial","number of customers","ELEC.CUSTOMERS.NE-COM.A",153013,154056,154014,148919,147452,148634,151374,149818,149811,151480,153745,153812
"Nebraska : industrial","number of customers","ELEC.CUSTOMERS.NE-IND.A",40778,41391,45034,51375,54157,56360,57425,60553,61617,62062,61963,62198
"Nebraska : transportation","number of customers","ELEC.CUSTOMERS.NE-TRA.A",0,0,0,0,0,0,0,0,0,0,0,0
"Nebraska : other","number of customers","ELEC.CUSTOMERS.NE-OTH.A","--","--","--","--","--","--","--","--","--","--","--","--"
"North Dakota","number of customers","ELEC.CUSTOMERS.ND-ALL.A",,,,,,,,,,,,
"North Dakota : all sectors","number of customers","ELEC.CUSTOMERS.ND-ALL.A",377412,382385,387615,394394,410308,421964,436643,450872,459945,463336,466723,470191
"North Dakota : residential","number of customers","ELEC.CUSTOMERS.ND-RES.A",318759,322464,326408,330738,342549,348484,360169,371503,377738,380100,382592,385037
"North Dakota : commercial","number of customers","ELEC.CUSTOMERS.ND-COM.A",56510,57433,58567,60016,63156,66797,67868,71211,73573,74527,75147,76354
"North Dakota : industrial","number of customers","ELEC.CUSTOMERS.ND-IND.A",2143,2488,2641,3639,4603,6683,8605,8158,8634,8708,8984,8800
"North Dakota : transportation","number of customers","ELEC.CUSTOMERS.ND-TRA.A",0,0,0,0,0,0,0,0,0,0,0,0
"North Dakota : other","number of customers","ELEC.CUSTOMERS.ND-OTH.A","--","--","--","--","--","--","--","--","--","--","--","--"
"South Dakota","number of customers","ELEC.CUSTOMERS.SD-ALL.A",,,,,,,,,,,,
"South Dakota : all sectors","number of customers","ELEC.CUSTOMERS.SD-ALL.A",431509,436223,440130,445930,450394,454046,458240,461993,466784,471714,476174,481347
"South Dakota : residential","number of customers","ELEC.CUSTOMERS.SD-RES.A",363518,367204,370565,374259,378628,381075,384745,388374,392184,396561,400147,403715
"South Dakota : commercial","number of customers","ELEC.CUSTOMERS.SD-COM.A",65008,65968,66276,68769,68875,69439,69698,69869,70746,71264,72106,73546
"South Dakota : industrial","number of customers","ELEC.CUSTOMERS.SD-IND.A",2984,3050,3289,2902,2891,3531,3798,3749,3854,3889,3921,4086
"South Dakota : transportation","number of customers","ELEC.CUSTOMERS.SD-TRA.A",0,0,0,0,0,0,0,0,0,0,0,0
"South Dakota : other","number of customers","ELEC.CUSTOMERS.SD-OTH.A","--","--","--","--","--","--","--","--","--","--","--","--"
"South Atlantic","number of customers","ELEC.CUSTOMERS.SAT-ALL.A",,,,,,,,,,,,
"South Atlantic : all sectors","number of customers","ELEC.CUSTOMERS.SAT-ALL.A",29152169,29280406,29422025,29487251,29679774,29951781,30245835,30532352,31008561,31419348,31819932,32246414
"South Atlantic : residential","number of customers","ELEC.CUSTOMERS.SAT-RES.A",25549873,25673494,25809111,25864527,26018433,26256034,26537001,26787718,27213228,27592470,27947847,28325443
"South Atlantic : commercial","number of customers","ELEC.CUSTOMERS.SAT-COM.A",3521608,3527553,3535964,3547409,3585551,3618602,3629388,3664557,3713150,3743208,3788470,3835182
"South Atlantic : industrial","number of customers","ELEC.CUSTOMERS.SAT-IND.A",80654,79323,76908,75302,75778,77132,79435,80066,82171,83656,83602,85776
"South Atlantic : transportation","number of customers","ELEC.CUSTOMERS.SAT-TRA.A",35,35,42,13,12,12,11,11,13,13,13,13
"South Atlantic : other","number of customers","ELEC.CUSTOMERS.SAT-OTH.A","--","--","--","--","--","--","--","--","--","--","--","--"
"Delaware","number of customers","ELEC.CUSTOMERS.DE-ALL.A",,,,,,,,,,,,
"Delaware : all sectors","number of customers","ELEC.CUSTOMERS.DE-ALL.A",441394,444133,447339,449715,451908,456040,460572,467089,473473,481029,488191,495836
"Delaware : residential","number of customers","ELEC.CUSTOMERS.DE-RES.A",391810,393836,396113,398109,399998,403519,407508,413444,419233,426072,432449,439168
"Delaware : commercial","number of customers","ELEC.CUSTOMERS.DE-COM.A",48965,49057,49985,50369,51056,51674,52202,52786,53367,54104,54905,55802
"Delaware : industrial","number of customers","ELEC.CUSTOMERS.DE-IND.A",619,1241,1241,1237,854,847,863,859,874,853,837,866
"Delaware : transportation","number of customers","ELEC.CUSTOMERS.DE-TRA.A",0,0,0,0,0,0,0,0,0,0,0,0
"Delaware : other","number of customers","ELEC.CUSTOMERS.DE-OTH.A","--","--","--","--","--","--","--","--","--","--","--","--"
"District Of Columbia","number of customers","ELEC.CUSTOMERS.DC-ALL.A",,,,,,,,,,,,
"District Of Columbia : all sectors","number of customers","ELEC.CUSTOMERS.DC-ALL.A",243849,248104,254000,255948,258100,261854,265820,272910,285318,293563,300953,308752
"District Of Columbia : residential","number of customers","ELEC.CUSTOMERS.DC-RES.A",217144,221794,227549,229450,231550,235322,239355,247469,259392,267448,274613,282277
"District Of Columbia : commercial","number of customers","ELEC.CUSTOMERS.DC-COM.A",26703,26307,26449,26496,26547,26530,26463,25439,25923,26111,26336,26471
"District Of Columbia : industrial","number of customers","ELEC.CUSTOMERS.DC-IND.A",1,1,1,1,1,1,1,1,1,1,1,1
"District Of Columbia : transportation","number of customers","ELEC.CUSTOMERS.DC-TRA.A",1,1,1,1,1,1,1,1,3,3,3,3
"District Of Columbia : other","number of customers","ELEC.CUSTOMERS.DC-OTH.A","--","--","--","--","--","--","--","--","--","--","--","--"
"Florida","number of customers","ELEC.CUSTOMERS.FL-ALL.A",,,,,,,,,,,,
"Florida : all sectors","number of customers","ELEC.CUSTOMERS.FL-ALL.A",9629909,9639206,9674411,9732883,9823194,9950077,10090564,10166667,10370272,10529932,10673905,10830326
"Florida : residential","number of customers","ELEC.CUSTOMERS.FL-RES.A",8478407,8493590,8529202,8575892,8645205,8756316,8891018,8963967,9149213,9291705,9423019,9565845
"Florida : commercial","number of customers","ELEC.CUSTOMERS.FL-COM.A",1129095,1125135,1127137,1139654,1160572,1175894,1180767,1183240,1199895,1216936,1229556,1240900
"Florida : industrial","number of customers","ELEC.CUSTOMERS.FL-IND.A",22382,20456,18046,17334,17415,17865,18777,19458,21162,21289,21327,23579
"Florida : transportation","number of customers","ELEC.CUSTOMERS.FL-TRA.A",25,25,25,3,2,2,2,2,2,2,2,2
"Florida : other","number of customers","ELEC.CUSTOMERS.FL-OTH.A","--","--","--","--","--","--","--","--","--","--","--","--"
"Georgia","number of customers","ELEC.CUSTOMERS.GA-ALL.A",,,,,,,,,,,,
"Georgia : all sectors","number of customers","ELEC.CUSTOMERS.GA-ALL.A",4594197,4623206,4615784,4621058,4636420,4674671,4710055,4772843,4829626,4892944,4956554,5020633
"Georgia : residential","number of customers","ELEC.CUSTOMERS.GA-RES.A",4034759,4061860,4054134,4056148,4071476,4101344,4137055,4191206,4240421,4296976,4354020,4411521
"Georgia : commercial","number of customers","ELEC.CUSTOMERS.GA-COM.A",543485,545858,546005,548671,547610,554347,552699,560947,567426,572857,579467,585574
"Georgia : industrial","number of customers","ELEC.CUSTOMERS.GA-IND.A",15952,15487,15644,16238,17333,18979,20300,20688,21778,23110,23066,23538
"Georgia : transportation","number of customers","ELEC.CUSTOMERS.GA-TRA.A",1,1,1,1,1,1,1,1,1,1,1,1
"Georgia : other","number of customers","ELEC.CUSTOMERS.GA-OTH.A","--","--","--","--","--","--","--","--","--","--","--","--"
"Maryland","number of customers","ELEC.CUSTOMERS.MD-ALL.A",,,,,,,,,,,,
"Maryland : all sectors","number of customers","ELEC.CUSTOMERS.MD-ALL.A",2428689,2439809,2453401,2461920,2468098,2474908,2492110,2513564,2548065,2574912,2595484,2617638
"Maryland : residential","number of customers","ELEC.CUSTOMERS.MD-RES.A",2178594,2188390,2200368,2208014,2212286,2218947,2234962,2255557,2288301,2313188,2332516,2352534
"Maryland : commercial","number of customers","ELEC.CUSTOMERS.MD-COM.A",241356,242640,244263,245002,246866,247168,248362,249180,250937,252965,254163,256165
"Maryland : industrial","number of customers","ELEC.CUSTOMERS.MD-IND.A",8734,8774,8765,8900,8941,8788,8780,8822,8822,8754,8801,8934
"Maryland : transportation","number of customers","ELEC.CUSTOMERS.MD-TRA.A",5,5,5,5,5,5,5,5,5,5,5,5
"Maryland : other","number of customers","ELEC.CUSTOMERS.MD-OTH.A","--","--","--","--","--","--","--","--","--","--","--","--"
"North Carolina","number of customers","ELEC.CUSTOMERS.NC-ALL.A",,,,,,,,,,,,
"North Carolina : all sectors","number of customers","ELEC.CUSTOMERS.NC-ALL.A",4808355,4837857,4841160,4857431,4893382,4933032,4969667,5012175,5106193,5179045,5252111,5336316
"North Carolina : residential","number of customers","ELEC.CUSTOMERS.NC-RES.A",4147625,4175831,4185534,4201897,4230585,4268014,4303474,4336694,4423529,4488036,4550417,4620856
"North Carolina : commercial","number of customers","ELEC.CUSTOMERS.NC-COM.A",649757,650651,644606,644925,652399,654741,655838,665193,672608,680963,691668,705588
"North Carolina : industrial","number of customers","ELEC.CUSTOMERS.NC-IND.A",10972,11374,11012,10608,10397,10275,10354,10286,10055,10045,10026,9871
"North Carolina : transportation","number of customers","ELEC.CUSTOMERS.NC-TRA.A",1,1,8,1,1,1,1,1,1,1,1,1
"North Carolina : other","number of customers","ELEC.CUSTOMERS.NC-OTH.A","--","--","--","--","--","--","--","--","--","--","--","--"
"South Carolina","number of customers","ELEC.CUSTOMERS.SC-ALL.A",,,,,,,,,,,,
"South Carolina : all sectors","number of customers","ELEC.CUSTOMERS.SC-ALL.A",2415476,2431727,2434137,2446233,2460296,2485932,2511080,2547978,2583254,2629005,2671368,2719888
"South Carolina : residential","number of customers","ELEC.CUSTOMERS.SC-RES.A",2068600,2083431,2089299,2101584,2113144,2135430,2157087,2185966,2209780,2251556,2290200,2330901
"South Carolina : commercial","number of customers","ELEC.CUSTOMERS.SC-COM.A",342181,343795,340363,340192,342761,346023,349431,357722,369408,373069,376843,385285
"South Carolina : industrial","number of customers","ELEC.CUSTOMERS.SC-IND.A",4695,4501,4475,4457,4392,4478,4561,4290,4065,4380,4325,3702
"South Carolina : transportation","number of customers","ELEC.CUSTOMERS.SC-TRA.A",0,0,0,0,0,0,0,0,0,0,0,0
"South Carolina : other","number of customers","ELEC.CUSTOMERS.SC-OTH.A","--","--","--","--","--","--","--","--","--","--","--","--"
"Virginia","number of customers","ELEC.CUSTOMERS.VA-ALL.A",,,,,,,,,,,,
"Virginia : all sectors","number of customers","ELEC.CUSTOMERS.VA-ALL.A",3578881,3601856,3684291,3643615,3671543,3699796,3730258,3764165,3797570,3824477,3866337,3902574
"Virginia : residential","number of customers","ELEC.CUSTOMERS.VA-RES.A",3169283,3189115,3258964,3225396,3248516,3273501,3303675,3332082,3362985,3398529,3431575,3464676
"Virginia : commercial","number of customers","ELEC.CUSTOMERS.VA-COM.A",404313,407457,419948,414136,419052,422710,422929,428369,430876,422253,431057,434174
"Virginia : industrial","number of customers","ELEC.CUSTOMERS.VA-IND.A",5284,5283,5378,4081,3974,3584,3653,3714,3708,3694,3704,3723
"Virginia : transportation","number of customers","ELEC.CUSTOMERS.VA-TRA.A",1,1,1,1,1,1,1,1,1,1,1,1
"Virginia : other","number of customers","ELEC.CUSTOMERS.VA-OTH.A","--","--","--","--","--","--","--","--","--","--","--","--"
"West Virginia","number of customers","ELEC.CUSTOMERS.WV-ALL.A",,,,,,,,,,,,
"West Virginia : all sectors","number of customers","ELEC.CUSTOMERS.WV-ALL.A",1011420,1014508,1017503,1018447,1016834,1015472,1015710,1014962,1014791,1014440,1015030,1014452
"West Virginia : residential","number of customers","ELEC.CUSTOMERS.WV-RES.A",863650,865647,867947,868037,865674,863641,862867,861332,860375,858961,859039,857666
"West Virginia : commercial","number of customers","ELEC.CUSTOMERS.WV-COM.A",135754,136653,137208,137964,138688,139515,140697,141680,142711,143950,144476,145224
"West Virginia : industrial","number of customers","ELEC.CUSTOMERS.WV-IND.A",12015,12207,12347,12446,12471,12314,12146,11949,11706,11530,11515,11562
"West Virginia : transportation","number of customers","ELEC.CUSTOMERS.WV-TRA.A",1,1,1,1,1,1,0,0,0,0,0,0
"West Virginia : other","number of customers","ELEC.CUSTOMERS.WV-OTH.A","--","--","--","--","--","--","--","--","--","--","--","--"
"East South Central","number of customers","ELEC.CUSTOMERS.ESC-ALL.A",,,,,,,,,,,,
"East South Central : all sectors","number of customers","ELEC.CUSTOMERS.ESC-ALL.A",9339735,9344492,9385015,9394425,9425994,9469841,9516878,9580013,9657616,9738237,9813971,9888430
"East South Central : residential","number of customers","ELEC.CUSTOMERS.ESC-RES.A",7962784,7989972,8023766,8030913,8053109,8093568,8129783,8183137,8248667,8316856,8382939,8448897
"East South Central : commercial","number of customers","ELEC.CUSTOMERS.ESC-COM.A",1351892,1329021,1338253,1340645,1349505,1353706,1360293,1370124,1381965,1394000,1404941,1414747
"East South Central : industrial","number of customers","ELEC.CUSTOMERS.ESC-IND.A",25059,25497,22995,22867,23380,22566,26802,26752,26984,27381,26091,24787
"East South Central : transportation","number of customers","ELEC.CUSTOMERS.ESC-TRA.A",1,1,1,1,1,1,1,0,0,0,0,0
"East South Central : other","number of customers","ELEC.CUSTOMERS.ESC-OTH.A","--","--","--","--","--","--","--","--","--","--","--","--"
"Alabama","number of customers","ELEC.CUSTOMERS.AL-ALL.A",,,,,,,,,,,,
"Alabama : all sectors","number of customers","ELEC.CUSTOMERS.AL-ALL.A",2491147,2491143,2502109,2505192,2515540,2524633,2537922,2552739,2574851,2591621,2607909,2626467
"Alabama : residential","number of customers","ELEC.CUSTOMERS.AL-RES.A",2110865,2128008,2138905,2142627,2150975,2158895,2169785,2182614,2200574,2213590,2229470,2249426
"Alabama : commercial","number of customers","ELEC.CUSTOMERS.AL-COM.A",371020,353884,356294,356074,357399,358712,360903,362870,367009,369982,371096,369798
"Alabama : industrial","number of customers","ELEC.CUSTOMERS.AL-IND.A",9263,9251,6910,6491,7166,7026,7234,7255,7268,8050,7343,7244
"Alabama : transportation","number of customers","ELEC.CUSTOMERS.AL-TRA.A",0,0,0,0,0,0,0,0,0,0,0,0
"Alabama : other","number of customers","ELEC.CUSTOMERS.AL-OTH.A","--","--","--","--","--","--","--","--","--","--","--","--"
"Kentucky","number of customers","ELEC.CUSTOMERS.KY-ALL.A",,,,,,,,,,,,
"Kentucky : all sectors","number of customers","ELEC.CUSTOMERS.KY-ALL.A",2230453,2226166,2234978,2230402,2229988,2239533,2244043,2253920,2266534,2282465,2292366,2307114
"Kentucky : residential","number of customers","ELEC.CUSTOMERS.KY-RES.A",1928083,1924886,1930664,1928527,1924644,1935241,1939486,1947068,1957189,1971000,1980206,1991139
"Kentucky : commercial","number of customers","ELEC.CUSTOMERS.KY-COM.A",296068,294224,297047,294447,298211,297108,297181,299460,302039,304455,305410,309828
"Kentucky : industrial","number of customers","ELEC.CUSTOMERS.KY-IND.A",6302,7057,7267,7428,7133,7184,7376,7392,7306,7009,6749,6147
"Kentucky : transportation","number of customers","ELEC.CUSTOMERS.KY-TRA.A",0,0,0,0,0,0,0,0,0,0,0,0
"Kentucky : other","number of customers","ELEC.CUSTOMERS.KY-OTH.A","--","--","--","--","--","--","--","--","--","--","--","--"
"Mississippi","number of customers","ELEC.CUSTOMERS.MS-ALL.A",,,,,,,,,,,,
"Mississippi : all sectors","number of customers","ELEC.CUSTOMERS.MS-ALL.A",1470201,1473271,1481453,1484705,1490900,1496561,1504916,1512645,1522717,1530976,1538138,1541421
"Mississippi : residential","number of customers","ELEC.CUSTOMERS.MS-RES.A",1238413,1243261,1250147,1251639,1256392,1260890,1263581,1270398,1278616,1284576,1290280,1293417
"Mississippi : commercial","number of customers","ELEC.CUSTOMERS.MS-COM.A",224388,222859,224514,226134,227384,228506,230415,231387,232885,235243,236870,237625
"Mississippi : industrial","number of customers","ELEC.CUSTOMERS.MS-IND.A",7400,7150,6792,6932,7125,7164,10920,10860,11216,11158,10988,10379
"Mississippi : transportation","number of customers","ELEC.CUSTOMERS.MS-TRA.A",0,0,0,0,0,0,0,0,0,0,0,0
"Mississippi : other","number of customers","ELEC.CUSTOMERS.MS-OTH.A","--","--","--","--","--","--","--","--","--","--","--","--"
"Tennessee","number of customers","ELEC.CUSTOMERS.TN-ALL.A",,,,,,,,,,,,
"Tennessee : all sectors","number of customers","ELEC.CUSTOMERS.TN-ALL.A",3147935,3153912,3166476,3174127,3189566,3209114,3229997,3260709,3293515,3333176,3375559,3413428
"Tennessee : residential","number of customers","ELEC.CUSTOMERS.TN-RES.A",2685423,2693818,2704051,2708120,2721098,2738542,2756931,2783057,2812289,2847691,2882983,2914916
"Tennessee : commercial","number of customers","ELEC.CUSTOMERS.TN-COM.A",460417,458054,460398,463990,466511,469380,471794,476407,480032,484320,491565,497496
"Tennessee : industrial","number of customers","ELEC.CUSTOMERS.TN-IND.A",2093,2039,2026,2016,1956,1191,1271,1245,1194,1165,1011,1016
"Tennessee : transportation","number of customers","ELEC.CUSTOMERS.TN-TRA.A",1,1,1,1,1,1,1,0,0,0,0,0
"Tennessee : other","number of customers","ELEC.CUSTOMERS.TN-OTH.A","--","--","--","--","--","--","--","--","--","--","--","--"
"West South Central","number of customers","ELEC.CUSTOMERS.WSC-ALL.A",,,,,,,,,,,,
"West South Central : all sectors","number of customers","ELEC.CUSTOMERS.WSC-ALL.A",16678502,16750616,16864651,16849987,17056493,17269516,17586919,17811527,18072656,18482399,18950995,19259458
"West South Central : residential","number of customers","ELEC.CUSTOMERS.WSC-RES.A",14323682,14397676,14493417,14596162,14809209,14998157,15220446,15442353,15687118,16014289,16387173,16636125
"West South Central : commercial","number of customers","ELEC.CUSTOMERS.WSC-COM.A",2124005,2148654,2174723,2085697,2084596,2103289,2191364,2189030,2205214,2279251,2363251,2316759
"West South Central : industrial","number of customers","ELEC.CUSTOMERS.WSC-IND.A",230748,204258,196483,168122,162683,168065,175104,180138,180318,188852,200565,306567
"West South Central : transportation","number of customers","ELEC.CUSTOMERS.WSC-TRA.A",67,28,28,5,5,6,6,6,6,6,6,6
"West South Central : other","number of customers","ELEC.CUSTOMERS.WSC-OTH.A","--","--","--","--","--","--","--","--","--","--","--","--"
"Arkansas","number of customers","ELEC.CUSTOMERS.AR-ALL.A",,,,,,,,,,,,
"Arkansas : all sectors","number of customers","ELEC.CUSTOMERS.AR-ALL.A",1516551,1524432,1534202,1541338,1547902,1557321,1566533,1580231,1595478,1607633,1621441,1630595
"Arkansas : residential","number of customers","ELEC.CUSTOMERS.AR-RES.A",1308812,1315040,1322833,1328285,1332153,1339679,1345007,1356658,1368867,1380155,1388359,1396869
"Arkansas : commercial","number of customers","ELEC.CUSTOMERS.AR-COM.A",176047,177635,178962,180291,181821,182940,185841,187705,190179,191879,196482,198859
"Arkansas : industrial","number of customers","ELEC.CUSTOMERS.AR-IND.A",31691,31756,32406,32760,33925,34699,35683,35867,36431,35597,36597,34865
"Arkansas : transportation","number of customers","ELEC.CUSTOMERS.AR-TRA.A",2,2,2,2,2,2,2,2,2,2,2,2
"Arkansas : other","number of customers","ELEC.CUSTOMERS.AR-OTH.A","--","--","--","--","--","--","--","--","--","--","--","--"
"Louisiana","number of customers","ELEC.CUSTOMERS.LA-ALL.A",,,,,,,,,,,,
"Louisiana : all sectors","number of customers","ELEC.CUSTOMERS.LA-ALL.A",2205676,2234722,2265498,2274269,2293414,2311895,2343559,2361577,2368709,2384626,2397363,2409991
"Louisiana : residential","number of customers","ELEC.CUSTOMERS.LA-RES.A",1920085,1946997,1973172,1979175,1995660,2011042,2026221,2043759,2059701,2073613,2085054,2095466
"Louisiana : commercial","number of customers","ELEC.CUSTOMERS.LA-COM.A",265256,269167,274176,277004,279613,281834,297785,298169,289777,291402,292750,295153
"Louisiana : industrial","number of customers","ELEC.CUSTOMERS.LA-IND.A",20311,18534,18127,18089,18141,19018,19552,19647,19231,19610,19558,19372
"Louisiana : transportation","number of customers","ELEC.CUSTOMERS.LA-TRA.A",23,24,23,1,1,1,1,1,1,1,1,1
"Louisiana : other","number of customers","ELEC.CUSTOMERS.LA-OTH.A","--","--","--","--","--","--","--","--","--","--","--","--"
"Oklahoma","number of customers","ELEC.CUSTOMERS.OK-ALL.A",,,,,,,,,,,,
"Oklahoma : all sectors","number of customers","ELEC.CUSTOMERS.OK-ALL.A",1915328,1927536,1940920,1950242,1965549,1983311,2003856,2020007,2033941,2051080,2066552,2082701
"Oklahoma : residential","number of customers","ELEC.CUSTOMERS.OK-RES.A",1633272,1643674,1660646,1667223,1679294,1693145,1710347,1723937,1736820,1751033,1764979,1777155
"Oklahoma : commercial","number of customers","ELEC.CUSTOMERS.OK-COM.A",264430,266110,261927,264777,268013,271696,275275,277383,278023,281264,282873,285641
"Oklahoma : industrial","number of customers","ELEC.CUSTOMERS.OK-IND.A",17626,17752,18347,18242,18241,18470,18235,18687,19099,18783,18700,19905
"Oklahoma : transportation","number of customers","ELEC.CUSTOMERS.OK-TRA.A",0,0,0,0,0,0,0,0,0,0,0,0
"Oklahoma : other","number of customers","ELEC.CUSTOMERS.OK-OTH.A","--","--","--","--","--","--","--","--","--","--","--","--"
"Texas","number of customers","ELEC.CUSTOMERS.TX-ALL.A",,,,,,,,,,,,
"Texas : all sectors","number of customers","ELEC.CUSTOMERS.TX-ALL.A",11040948,11063926,11124032,11084138,11249628,11416989,11672971,11849712,12074528,12439059,12865639,13136170
"Texas : residential","number of customers","ELEC.CUSTOMERS.TX-RES.A",9461513,9491966,9536767,9621480,9802102,9954290,10138871,10317999,10521731,10809488,11148781,11366635
"Texas : commercial","number of customers","ELEC.CUSTOMERS.TX-COM.A",1418273,1435743,1459659,1363625,1355149,1366818,1432463,1425773,1447236,1514707,1591146,1537107
"Texas : industrial","number of customers","ELEC.CUSTOMERS.TX-IND.A",161120,136216,127603,99031,92375,95877,101635,105937,105558,114862,125709,232425
"Texas : transportation","number of customers","ELEC.CUSTOMERS.TX-TRA.A",42,2,3,2,2,3,3,3,3,3,3,3
"Texas : other","number of customers","ELEC.CUSTOMERS.TX-OTH.A","--","--","--","--","--","--","--","--","--","--","--","--"
"Mountain","number of customers","ELEC.CUSTOMERS.MTN-ALL.A",,,,,,,,,,,,
"Mountain : all sectors","number of customers","ELEC.CUSTOMERS.MTN-ALL.A",10290388,10268043,10329260,10399440,10463225,10598159,10727503,10862141,11008382,11256185,11335956,11522155
"Mountain : residential","number of customers","ELEC.CUSTOMERS.MTN-RES.A",8891838,8869127,8921682,8983636,9048784,9162913,9277059,9395145,9529172,9761417,9825500,9994344
"Mountain : commercial","number of customers","ELEC.CUSTOMERS.MTN-COM.A",1318574,1316081,1324979,1330473,1326323,1343698,1353997,1372609,1383965,1399009,1414943,1431387
"Mountain : industrial","number of customers","ELEC.CUSTOMERS.MTN-IND.A",79951,82809,82570,85328,88114,91544,96445,94382,95240,95754,95507,96420
"Mountain : transportation","number of customers","ELEC.CUSTOMERS.MTN-TRA.A",26,27,29,3,3,3,3,4,5,5,5,5
"Mountain : other","number of customers","ELEC.CUSTOMERS.MTN-OTH.A","--","--","--","--","--","--","--","--","--","--","--","--"
"Arizona","number of customers","ELEC.CUSTOMERS.AZ-ALL.A",,,,,,,,,,,,
"Arizona : all sectors","number of customers","ELEC.CUSTOMERS.AZ-ALL.A",2834064,2851114,2861857,2888134,2898624,2947070,2981620,3011739,3051838,3093045,3138275,3187274
"Arizona : residential","number of customers","ELEC.CUSTOMERS.AZ-RES.A",2528403,2544382,2554212,2575586,2585636,2630594,2661692,2689225,2725508,2764355,2808351,2853182
"Arizona : commercial","number of customers","ELEC.CUSTOMERS.AZ-COM.A",298347,299528,300503,305338,305248,308857,312220,314755,318197,320557,322133,326191
"Arizona : industrial","number of customers","ELEC.CUSTOMERS.AZ-IND.A",7314,7203,7142,7210,7740,7618,7708,7757,8131,8132,7790,7899
"Arizona : transportation","number of customers","ELEC.CUSTOMERS.AZ-TRA.A",0,0,0,0,0,0,0,1,2,2,2,2
"Arizona : other","number of customers","ELEC.CUSTOMERS.AZ-OTH.A","--","--","--","--","--","--","--","--","--","--","--","--"
"Colorado","number of customers","ELEC.CUSTOMERS.CO-ALL.A",,,,,,,,,,,,
"Colorado : all sectors","number of customers","ELEC.CUSTOMERS.CO-ALL.A",2546526,2475806,2493632,2506104,2514401,2544333,2572988,2607514,2643311,2675272,2719057,2765156
"Colorado : residential","number of customers","ELEC.CUSTOMERS.CO-RES.A",2173457,2111621,2128503,2141778,2149635,2169365,2193519,2225723,2260068,2288355,2326974,2370162
"Colorado : commercial","number of customers","ELEC.CUSTOMERS.CO-COM.A",359897,349267,350068,347899,348749,358797,360235,365562,366998,370688,376101,380607
"Colorado : industrial","number of customers","ELEC.CUSTOMERS.CO-IND.A",13171,14917,15060,16426,16015,16171,19232,16228,16244,16228,15981,14386
"Colorado : transportation","number of customers","ELEC.CUSTOMERS.CO-TRA.A",1,1,1,1,1,1,1,1,1,1,1,1
"Colorado : other","number of customers","ELEC.CUSTOMERS.CO-OTH.A","--","--","--","--","--","--","--","--","--","--","--","--"
"Idaho","number of customers","ELEC.CUSTOMERS.ID-ALL.A",,,,,,,,,,,,
"Idaho : all sectors","number of customers","ELEC.CUSTOMERS.ID-ALL.A",779759,786554,792031,794924,802207,811174,821866,835431,849763,864671,882774,904470
"Idaho : residential","number of customers","ELEC.CUSTOMERS.ID-RES.A",654546,659775,664716,667242,673366,680929,690276,701448,714364,727567,743564,763842
"Idaho : commercial","number of customers","ELEC.CUSTOMERS.ID-COM.A",99003,100209,101267,101424,102318,103399,104462,106452,107551,108965,110794,112136
"Idaho : industrial","number of customers","ELEC.CUSTOMERS.ID-IND.A",26211,26570,26047,26259,26523,26847,27128,27531,27848,28139,28416,28492
"Idaho : transportation","number of customers","ELEC.CUSTOMERS.ID-TRA.A",0,0,0,0,0,0,0,0,0,0,0,0
"Idaho : other","number of customers","ELEC.CUSTOMERS.ID-OTH.A","--","--","--","--","--","--","--","--","--","--","--","--"
"Montana","number of customers","ELEC.CUSTOMERS.MT-ALL.A",,,,,,,,,,,,
"Montana : all sectors","number of customers","ELEC.CUSTOMERS.MT-ALL.A",566848,571882,574223,577349,581829,587168,597766,605453,612919,620349,628134,636796
"Montana : residential","number of customers","ELEC.CUSTOMERS.MT-RES.A",461598,466160,467878,469961,473032,477261,485038,491421,497171,503309,509527,516052
"Montana : commercial","number of customers","ELEC.CUSTOMERS.MT-COM.A",100372,100498,101128,101509,101529,101216,103131,104324,105935,107148,108694,109460
"Montana : industrial","number of customers","ELEC.CUSTOMERS.MT-IND.A",4877,5224,5218,5878,7268,8692,9597,9708,9813,9892,9913,11284
"Montana : transportation","number of customers","ELEC.CUSTOMERS.MT-TRA.A",0,0,0,0,0,0,0,0,0,0,0,0
"Montana : other","number of customers","ELEC.CUSTOMERS.MT-OTH.A","--","--","--","--","--","--","--","--","--","--","--","--"
"Nevada","number of customers","ELEC.CUSTOMERS.NV-ALL.A",,,,,,,,,,,,
"Nevada : all sectors","number of customers","ELEC.CUSTOMERS.NV-ALL.A",1211050,1212212,1216473,1226845,1240254,1256907,1272206,1290391,1308914,1429904,1352087,1375888
"Nevada : residential","number of customers","ELEC.CUSTOMERS.NV-RES.A",1054690,1054926,1058518,1067943,1080581,1094769,1110533,1126219,1143668,1263100,1183659,1204995
"Nevada : commercial","number of customers","ELEC.CUSTOMERS.NV-COM.A",152735,153622,154455,155395,155925,158356,157984,160490,161591,163355,164983,167627
"Nevada : industrial","number of customers","ELEC.CUSTOMERS.NV-IND.A",3608,3646,3483,3505,3748,3782,3689,3681,3654,3448,3445,3265
"Nevada : transportation","number of customers","ELEC.CUSTOMERS.NV-TRA.A",17,17,18,1,1,1,1,1,1,1,1,1
"Nevada : other","number of customers","ELEC.CUSTOMERS.NV-OTH.A","--","--","--","--","--","--","--","--","--","--","--","--"
"New Mexico","number of customers","ELEC.CUSTOMERS.NM-ALL.A",,,,,,,,,,,,
"New Mexico : all sectors","number of customers","ELEC.CUSTOMERS.NM-ALL.A",981568,987403,996641,1000409,1004935,1012670,1018858,1022421,1027966,1033586,1043071,1049503
"New Mexico : residential","number of customers","ELEC.CUSTOMERS.NM-RES.A",841330,844864,853808,856128,859281,865195,869874,871044,876920,880867,889838,895087
"New Mexico : commercial","number of customers","ELEC.CUSTOMERS.NM-COM.A",133782,135703,135576,136677,137413,138800,139873,142030,141722,143324,143873,144960
"New Mexico : industrial","number of customers","ELEC.CUSTOMERS.NM-IND.A",6456,6835,7258,7604,8241,8675,9111,9347,9324,9395,9359,9456
"New Mexico : transportation","number of customers","ELEC.CUSTOMERS.NM-TRA.A",0,0,0,0,0,0,0,0,0,0,0,0
"New Mexico : other","number of customers","ELEC.CUSTOMERS.NM-OTH.A","--","--","--","--","--","--","--","--","--","--","--","--"
"Utah","number of customers","ELEC.CUSTOMERS.UT-ALL.A",,,,,,,,,,,,
"Utah : all sectors","number of customers","ELEC.CUSTOMERS.UT-ALL.A",1049411,1059410,1068380,1078212,1091353,1107082,1127985,1152721,1175933,1199991,1230874,1258572
"Utah : residential","number of customers","ELEC.CUSTOMERS.UT-RES.A",924828,932015,936600,946470,966061,981193,1000410,1021839,1041826,1063289,1091159,1116145
"Utah : commercial","number of customers","ELEC.CUSTOMERS.UT-COM.A",115149,117907,122340,122363,115875,116261,117918,121310,124537,127109,130049,132082
"Utah : industrial","number of customers","ELEC.CUSTOMERS.UT-IND.A",9426,9479,9430,9378,9417,9628,9656,9571,9569,9592,9664,10344
"Utah : transportation","number of customers","ELEC.CUSTOMERS.UT-TRA.A",8,9,10,1,1,1,1,1,1,1,1,1
"Utah : other","number of customers","ELEC.CUSTOMERS.UT-OTH.A","--","--","--","--","--","--","--","--","--","--","--","--"
"Wyoming","number of customers","ELEC.CUSTOMERS.WY-ALL.A",,,,,,,,,,,,
"Wyoming : all sectors","number of customers","ELEC.CUSTOMERS.WY-ALL.A",321162,323663,326022,327464,329621,331754,334216,336472,337738,339366,341684,344498
"Wyoming : residential","number of customers","ELEC.CUSTOMERS.WY-RES.A",252987,255382,257448,258528,261191,263609,265717,268226,269647,270575,272429,274880
"Wyoming : commercial","number of customers","ELEC.CUSTOMERS.WY-COM.A",59288,59346,59642,59869,59267,58013,58174,57686,57434,57862,58316,58324
"Wyoming : industrial","number of customers","ELEC.CUSTOMERS.WY-IND.A",8887,8935,8932,9067,9163,10132,10324,10560,10657,10928,10939,11294
"Wyoming : transportation","number of customers","ELEC.CUSTOMERS.WY-TRA.A",0,0,0,0,0,0,0,0,0,0,0,0
"Wyoming : other","number of customers","ELEC.CUSTOMERS.WY-OTH.A","--","--","--","--","--","--","--","--","--","--","--","--"
"Pacific Contiguous","number of customers","ELEC.CUSTOMERS.PCC-ALL.A",,,,,,,,,,,,
"Pacific Contiguous : all sectors","number of customers","ELEC.CUSTOMERS.PCC-ALL.A",19865262,19860615,19934517,20009746,20150481,20285591,20298764,20495797,20631631,20822750,20956201,21144998
"Pacific Contiguous : residential","number of customers","ELEC.CUSTOMERS.PCC-RES.A",17347500,17343542,17402266,17474152,17597082,17787227,17832889,18013415,18137552,18311848,18418256,18597100
"Pacific Contiguous : commercial","number of customers","ELEC.CUSTOMERS.PCC-COM.A",2391476,2389166,2406407,2411129,2428584,2287662,2265246,2279889,2291867,2310920,2337180,2348229
"Pacific Contiguous : industrial","number of customers","ELEC.CUSTOMERS.PCC-IND.A",125749,127352,125767,124442,124793,210680,200606,202471,202189,199959,200745,199650
"Pacific Contiguous : transportation","number of customers","ELEC.CUSTOMERS.PCC-TRA.A",537,554,77,23,22,23,23,21,23,23,20,19
"Pacific Contiguous : other","number of customers","ELEC.CUSTOMERS.PCC-OTH.A","--","--","--","--","--","--","--","--","--","--","--","--"
"California","number of customers","ELEC.CUSTOMERS.CA-ALL.A",,,,,,,,,,,,
"California : all sectors","number of customers","ELEC.CUSTOMERS.CA-ALL.A",14826790,14789505,14837717,14894334,15010476,15107543,15079224,15214447,15286018,15392132,15454675,15573394
"California : residential","number of customers","ELEC.CUSTOMERS.CA-RES.A",12941717,12910854,12947913,13002978,13101882,13256422,13256067,13380682,13445133,13548293,13591149,13707126
"California : commercial","number of customers","ELEC.CUSTOMERS.CA-COM.A",1807260,1801935,1814631,1818046,1834778,1691626,1676201,1685684,1692323,1696068,1714872,1718599
"California : industrial","number of customers","ELEC.CUSTOMERS.CA-IND.A",77326,76222,75160,73297,73804,159482,146943,148068,148547,147756,148642,147658
"California : transportation","number of customers","ELEC.CUSTOMERS.CA-TRA.A",487,494,13,13,12,13,13,13,15,15,12,12
"California : other","number of customers","ELEC.CUSTOMERS.CA-OTH.A","--","--","--","--","--","--","--","--","--","--","--","--"
"Oregon","number of customers","ELEC.CUSTOMERS.OR-ALL.A",,,,,,,,,,,,
"Oregon : all sectors","number of customers","ELEC.CUSTOMERS.OR-ALL.A",1873561,1882151,1890217,1895753,1903526,1909379,1922309,1941331,1962945,1984090,2013003,2029437
"Oregon : residential","number of customers","ELEC.CUSTOMERS.OR-RES.A",1616596,1623386,1629075,1633546,1642442,1650799,1669122,1686974,1706621,1725884,1750239,1763783
"Oregon : commercial","number of customers","ELEC.CUSTOMERS.OR-COM.A",234527,236227,238449,238902,237780,235186,229828,229114,231693,233824,237942,240486
"Oregon : industrial","number of customers","ELEC.CUSTOMERS.OR-IND.A",22392,22482,22636,23300,23301,23391,23355,25242,24629,24381,24819,25165
"Oregon : transportation","number of customers","ELEC.CUSTOMERS.OR-TRA.A",45,55,58,4,4,4,4,2,2,2,2,2
"Oregon : other","number of customers","ELEC.CUSTOMERS.OR-OTH.A","--","--","--","--","--","--","--","--","--","--","--","--"
"Washington","number of customers","ELEC.CUSTOMERS.WA-ALL.A",,,,,,,,,,,,
"Washington : all sectors","number of customers","ELEC.CUSTOMERS.WA-ALL.A",3164911,3188958,3206583,3219659,3236479,3268669,3297231,3340019,3382668,3446528,3488523,3542167
"Washington : residential","number of customers","ELEC.CUSTOMERS.WA-RES.A",2789187,2809301,2825279,2837627,2852758,2880006,2907700,2945759,2985799,3037672,3076868,3126191
"Washington : commercial","number of customers","ELEC.CUSTOMERS.WA-COM.A",349689,351004,353327,354181,356026,360850,359216,365092,367851,381028,384365,389144
"Washington : industrial","number of customers","ELEC.CUSTOMERS.WA-IND.A",26031,28649,27970,27845,27688,27808,30308,29162,29013,27822,27284,26827
"Washington : transportation","number of customers","ELEC.CUSTOMERS.WA-TRA.A",4,4,6,6,6,6,6,6,6,6,6,5
"Washington : other","number of customers","ELEC.CUSTOMERS.WA-OTH.A","--","--","--","--","--","--","--","--","--","--","--","--"
"Pacific Noncontiguous","number of customers","ELEC.CUSTOMERS.PCN-ALL.A",,,,,,,,,,,,
"Pacific Noncontiguous : all sectors","number of customers","ELEC.CUSTOMERS.PCN-ALL.A",789269,792859,796882,801875,805880,811307,820293,823932,829984,835513,839605,844548
"Pacific Noncontiguous : residential","number of customers","ELEC.CUSTOMERS.PCN-RES.A",678492,682589,686523,691382,695014,699655,706602,710623,714199,718648,723789,727644
"Pacific Noncontiguous : commercial","number of customers","ELEC.CUSTOMERS.PCN-COM.A",108753,108216,108323,108545,108899,109644,111688,111270,113641,114708,113616,114957
"Pacific Noncontiguous : industrial","number of customers","ELEC.CUSTOMERS.PCN-IND.A",2024,2054,2036,1948,1967,2008,2003,2039,2144,2157,2200,1947
"Pacific Noncontiguous : transportation","number of customers","ELEC.CUSTOMERS.PCN-TRA.A",0,0,0,0,0,0,0,0,0,0,0,0
"Pacific Noncontiguous : other","number of customers","ELEC.CUSTOMERS.PCN-OTH.A","--","--","--","--","--","--","--","--","--","--","--","--"
"Alaska","number of customers","ELEC.CUSTOMERS.AK-ALL.A",,,,,,,,,,,,
"Alaska : all sectors","number of customers","ELEC.CUSTOMERS.AK-ALL.A",317244,318459,321150,323602,325455,327760,333730,334222,337406,340542,342864,345495
"Alaska : residential","number of customers","ELEC.CUSTOMERS.AK-RES.A",268824,269746,271955,273851,275403,277270,281433,282283,283258,285696,287523,289292
"Alaska : commercial","number of customers","ELEC.CUSTOMERS.AK-COM.A",47069,47348,47844,48501,48790,49177,51009,50640,52805,53472,53954,55079
"Alaska : industrial","number of customers","ELEC.CUSTOMERS.AK-IND.A",1351,1366,1350,1249,1262,1313,1287,1299,1344,1374,1386,1124
"Alaska : transportation","number of customers","ELEC.CUSTOMERS.AK-TRA.A",0,0,0,0,0,0,0,0,0,0,0,0
"Alaska : other","number of customers","ELEC.CUSTOMERS.AK-OTH.A","--","--","--","--","--","--","--","--","--","--","--","--"
"Hawaii","number of customers","ELEC.CUSTOMERS.HI-ALL.A",,,,,,,,,,,,
"Hawaii : all sectors","number of customers","ELEC.CUSTOMERS.HI-ALL.A",472025,474400,475732,478274,480426,483547,486563,489710,492578,494971,496741,499054
"Hawaii : residential","number of customers","ELEC.CUSTOMERS.HI-RES.A",409668,412843,414568,417531,419611,422385,425168,428340,430942,432952,436266,438352
"Hawaii : commercial","number of customers","ELEC.CUSTOMERS.HI-COM.A",61684,60868,60479,60044,60109,60467,60679,60631,60836,61236,59662,59878
"Hawaii : industrial","number of customers","ELEC.CUSTOMERS.HI-IND.A",673,689,685,699,705,695,716,740,801,783,814,823
"Hawaii : transportation","number of customers","ELEC.CUSTOMERS.HI-TRA.A",0,0,0,0,0,0,0,0,0,0,0,0
"Hawaii : other","number of customers","ELEC.CUSTOMERS.HI-OTH.A","--","--","--","--","--","--","--","--","--","--","--","--"